{"cameraMode":{"drawMode":0,"name":"Shaded","section":"Shading Mode"},"sceneLighting":true,"audioPlay":false,"sceneViewState":{"m_AlwaysRefresh":false,"showFog":true,"showSkybox":true,"showFlares":true,"showImageEffects":true,"showParticleSystems":true,"showVisualEffectGraphs":true,"m_FxEnabled":true},"in2DMode":false,"pivot":{"x":6.1950178146362309,"y":-38.58030319213867,"z":26.35399627685547},"rotation":{"x":-0.4107525944709778,"y":-0.013403496704995633,"z":0.00607488676905632,"w":-0.9116776585578919},"size":32.926597595214847,"orthographic":false}