{"cameraMode":{"drawMode":0,"name":"Shaded","section":"Shading Mode"},"sceneLighting":true,"audioPlay":false,"sceneViewState":{"m_AlwaysRefresh":false,"showFog":true,"showSkybox":true,"showFlares":true,"showImageEffects":true,"showParticleSystems":true,"showVisualEffectGraphs":true,"m_FxEnabled":true},"in2DMode":false,"pivot":{"x":44.19522476196289,"y":-23.54582405090332,"z":-163.63592529296876},"rotation":{"x":-0.013503794558346272,"y":-0.9865055084228516,"z":0.11326474696397782,"w":-0.11802839487791062},"size":126.31079864501953,"orthographic":false}